location,WIB,P_surf(hPa),T2m(oC),U10(m/s),V10(m/s),mslp(),luindex(-),RH2(%),RH (%),luindex
Lembang,2015-01-04T07:00:00Z,86296.9922,20.7384,0.7156,-0.2952,1010.8665,10,89.38,NA,NA
Lembang,2015-01-04T08:00:00Z,86333.2578,17.4709,4.4452,0.6327,1012.7654,10,100,NA,NA
Lembang,2015-01-04T09:00:00Z,86315.5078,18.0679,6.6288,0.0867,1012.4952,10,99.5678,NA,NA
Lembang,2015-01-04T10:00:00Z,86266.1641,17.5103,9.5644,-1.0454,1011.6942,10,97.7948,NA,NA
Lembang,2015-01-04T11:00:00Z,86198.6875,18.8265,10.0471,-0.5685,1010.7917,10,94.1146,NA,NA
Lembang,2015-01-04T12:00:00Z,86179.6406,19.2151,8.6772,0.7883,1010.5362,10,93.3977,NA,NA
Lembang,2015-01-04T13:00:00Z,86183.5781,19.3477,8.2958,1.1212,1010.9227,10,93.3638,NA,NA
Lembang,2015-01-04T14:00:00Z,86215.2578,19.085,7.7563,0.7697,1011.3135,10,95.3501,NA,NA
Lembang,2015-01-04T15:00:00Z,86227.8359,19.6115,9.1868,1.6892,1011.42,10,88.0965,NA,NA
Lembang,2015-01-04T16:00:00Z,86233.6563,19.1761,7.5797,1.6461,1011.4286,10,91.3224,NA,NA
Lembang,2015-01-04T17:00:00Z,86237.2969,18.603,7.1249,1.2164,1011.5076,10,94.3273,NA,NA
Lembang,2015-01-04T18:00:00Z,86238.0469,17.6969,6.2393,1.0062,1011.4573,10,100,NA,NA
Lembang,2015-01-04T19:00:00Z,86258.5859,17.2207,6.9356,0.6079,1011.5536,10,97.3967,NA,NA
Lembang,2015-01-04T20:00:00Z,86251.3672,16.9071,6.5982,0.7968,1011.5397,10,97.6126,NA,NA
Lembang,2015-01-04T21:00:00Z,86245.4453,17.0898,6.3511,0.9225,1011.6218,10,97.3154,NA,NA
Lembang,2015-01-04T22:00:00Z,86245.6875,16.8791,6.2016,0.2776,1011.6102,10,98.1866,NA,NA
Lembang,2015-01-04T23:00:00Z,86230.0156,16.919,6.3271,0.094,1011.3356,10,97.5815,NA,NA
Lembang,2015-01-05T00:00:00Z,86226.5078,16.5601,6.3889,-0.0913,1011.3243,10,97.3568,NA,NA
Lembang,2015-01-05T01:00:00Z,86227.0547,16.394,6.2453,-0.5162,1011.3146,10,97.532,NA,NA
Lembang,2015-01-05T02:00:00Z,86237.7734,16.4018,6.1273,-0.9542,1011.3859,10,96.8863,NA,NA
Lembang,2015-01-05T03:00:00Z,86258.2891,16.0465,5.5087,-0.3037,1011.6695,10,100,NA,NA
Lembang,2015-01-05T04:00:00Z,86254.625,16.5489,5.5755,-0.8548,1011.6418,10,98.2353,NA,NA
Lembang,2015-01-05T05:00:00Z,86277.0547,16.2971,5.5153,-1.2336,1012.0555,10,98.5583,NA,NA
Lembang,2015-01-05T06:00:00Z,86286.5078,16.3456,5.9817,-2.1049,1012.14,10,96.5973,NA,NA
Lembang,2015-01-05T07:00:00Z,86283.3672,17.3967,5.8426,-1.4122,1012.1683,10,91.7991,NA,NA
Lembang,2015-01-05T08:00:00Z,86278.5859,18.014,5.8666,0.4548,1012.0271,10,92.0987,NA,NA
Lembang,2015-01-05T09:00:00Z,86267.3047,18.733,5.8819,0.2816,1011.9406,10,89.5113,NA,NA
Lembang,2015-01-05T10:00:00Z,86252.3828,19.378,5.7086,0.9092,1011.7516,10,86.713,NA,NA
Lembang,2015-01-05T11:00:00Z,86235.3594,20.0916,5.7236,1.2283,1011.4556,10,81.9752,NA,NA
Lembang,2015-01-05T12:00:00Z,86212.5859,20.8521,5.8113,0.9948,1011.1733,10,79.0611,NA,NA
Lembang,2015-01-05T13:00:00Z,86202.0156,21.5224,5.9941,0.275,1011.103,10,76.508,NA,NA
Lembang,2015-01-05T14:00:00Z,86194.5156,21.8093,6.8544,-0.9991,1010.965,10,76.3134,NA,NA
Lembang,2015-01-05T15:00:00Z,86180.8516,21.5572,7.9448,-0.8796,1010.7188,10,78.8174,NA,NA
Lembang,2015-01-05T16:00:00Z,86183.3281,21.0264,8.0393,0.391,1010.7509,10,81.9135,NA,NA
Lembang,2015-01-05T17:00:00Z,86213.1719,19.7657,8.4139,0.7712,1010.9992,10,89.1462,NA,NA
Lembang,2015-01-05T18:00:00Z,86235.3516,18.6082,7.0995,0.1959,1011.1601000000001,10,95.5326,NA,NA
Lembang,2015-01-05T19:00:00Z,86278.9297,18.1017,5.647,-0.6569,1011.6507,10,94.7567,NA,NA
Lembang,2015-01-05T20:00:00Z,86243.1328,18.0693,5.6512,-1.1081,1011.4113,10,89.5183,NA,NA
Lembang,2015-01-05T21:00:00Z,86225.5313,17.8513,5.1143,-0.8088,1011.3309,10,88.7508,NA,NA
Lembang,2015-01-05T22:00:00Z,86231.1563,17.7363,5.1679,-0.5593,1011.4826,10,86.8733,NA,NA
Lembang,2015-01-05T23:00:00Z,86231.9063,17.8808,5.7019,-0.8259,1011.3625,10,80.7366,NA,NA
Lembang,2015-01-06T00:00:00Z,86208.5938,17.6203,6.0135,-0.5425,1010.9233,10,79.0809,NA,NA
Lembang,2015-01-06T01:00:00Z,86209.2734,17.4122,5.529,-0.7464,1010.9274,10,76.7276,NA,NA
Lembang,2015-01-06T02:00:00Z,86227.6484,17.158,5.6418,-1.1239,1011.2309,10,76.6276,NA,NA
Lembang,2015-01-06T03:00:00Z,86245.8359,16.6686,5.3145,-1.4486,1011.6163,10,81.4309,NA,NA
Lembang,2015-01-06T04:00:00Z,86254.3125,16.3646,5.1807,-1.2278,1011.7247,10,85.0508,NA,NA
Lembang,2015-01-06T05:00:00Z,86262.6641,16.1723,5.5108,-1.0218,1011.7692,10,87.3226,NA,NA
Lembang,2015-01-06T06:00:00Z,86261.7656,16.1484,5.7066,-0.6947,1011.6408,10,86.9113,NA,NA
Lembang,2015-01-06T07:00:00Z,86268.7578,17.1013,5.6426,-0.2952,1011.7278,10,85.275,NA,NA
Lembang,2015-01-06T08:00:00Z,86263.2344,18.1448,5.3345,0.0502,1011.7449,10,84.4451,NA,NA
Lembang,2015-01-06T09:00:00Z,86246.1719,19.0975,5.3725,0.8191,1011.4664,10,81.8845,NA,NA
Lembang,2015-01-06T10:00:00Z,86228.6953,19.9592,5.6086,1.1138,1011.2292,10,79.9441,NA,NA
Lembang,2015-01-06T11:00:00Z,86197.4688,20.8412,5.8374,0.7061,1010.8854,10,78.7775,NA,NA
Lembang,2015-01-06T12:00:00Z,86180.8438,20.7929,6.0609,0.4279,1010.8182,10,81.3345,NA,NA
Lembang,2015-01-06T13:00:00Z,86161.625,21.1353,5.8144,-1.7961,1010.4186,10,86.1493,NA,NA
Lembang,2015-01-06T14:00:00Z,86150.0859,20.7137,6.4175,1.2884,1010.269,10,91.3868,NA,NA
Lembang,2015-01-06T15:00:00Z,86155.5625,21.3624,5.7978,-0.4796,1010.3865,10,85.9045,NA,NA
Lembang,2015-01-06T16:00:00Z,86154.6641,20.7461,5.9068,-2.4393,1010.2432,10,85.7728,NA,NA
Lembang,2015-01-06T17:00:00Z,86172.9766,20.2324,5.2526,-0.9376,1010.5618,10,89.6951,NA,NA
Lembang,2015-01-06T18:00:00Z,86216.0469,19.1722,5.9179,0.757,1011.1044,10,96.0632,NA,NA
Lembang,2015-01-06T19:00:00Z,86200.4609,18.3372,6.5363,1.3324,1010.8094,10,100,NA,NA
Lembang,2015-01-06T20:00:00Z,86190.9531,17.8027,6.4708,-0.7572,1010.7132,10,98.2448,NA,NA
Lembang,2015-01-06T21:00:00Z,86180.3516,17.2754,6.0144,-1.6878,1010.5844,10,96.011,NA,NA
Lembang,2015-01-06T22:00:00Z,86183.4844,17.2363,6.4762,-1.7975,1010.6947,10,93.2595,NA,NA
Lembang,2015-01-06T23:00:00Z,86175.8359,16.8349,6.7348,-1.0676,1010.5259,10,94.9002,NA,NA
Lembang,2015-01-07T00:00:00Z,86139.4063,16.654,7.0288,-0.9126,1009.9862,10,95.3754,NA,NA
Lembang,2015-01-07T01:00:00Z,86153.6563,16.503,6.407,-0.742,1010.2095,10,95.6476,NA,NA
Lembang,2015-01-07T02:00:00Z,86177.4922,16.5313,6.8943,-0.8804,1010.535,10,93.6978,NA,NA
Dago,2015-01-04T07:00:00Z,91242.8516,20.2054,0.6637,-0.2458,1011.3751,13,95.5418,NA,NA
Dago,2015-01-04T08:00:00Z,91263.4063,20.804,2.3156,-0.5165,1012.033,13,88.4254,NA,NA
Dago,2015-01-04T09:00:00Z,91233.7188,21.1927,3.7314,-0.0124,1011.7506,13,92.601,NA,NA
Dago,2015-01-04T10:00:00Z,91232.9297,21.1146,3.957,-0.7775,1011.6734,13,87.952,NA,NA
Dago,2015-01-04T11:00:00Z,91143.5469,22.0075,4.576,-0.4063,1010.5922,13,86.0655,NA,NA
Dago,2015-01-04T12:00:00Z,91096.5313,23.2569,4.2525,-0.8679,1009.9749,13,81.2976,NA,NA
Dago,2015-01-04T13:00:00Z,91087.6016,23.743,5.1899,-0.873,1009.9945,13,78.3122,NA,NA
Dago,2015-01-04T14:00:00Z,91110.9063,23.6202,5.195,-0.9143,1010.3522,13,78.1601,NA,NA
Dago,2015-01-04T15:00:00Z,91108.2031,24.5184,5.4859,-0.7006,1010.34,13,73.1156,NA,NA
Dago,2015-01-04T16:00:00Z,91130.3594,24.21,4.884,-0.3755,1010.5488,13,73.7919,NA,NA
Dago,2015-01-04T17:00:00Z,91132.6484,23.3548,4.3791,-0.2158,1010.6744,13,76.1625,NA,NA
Dago,2015-01-04T18:00:00Z,91140.3047,22.2207,3.7999,-0.3891,1010.7026,13,82.4332,NA,NA
Dago,2015-01-04T19:00:00Z,91178.0938,21.27,2.8544,-1.3322,1011.0967,13,81.9163,NA,NA
Dago,2015-01-04T20:00:00Z,91159.9219,20.9883,2.8184,-1.8706,1010.9406,13,81.6718,NA,NA
Dago,2015-01-04T21:00:00Z,91163.625,20.5255,1.6513,-1.2981,1010.9994,13,84.0632,NA,NA
Dago,2015-01-04T22:00:00Z,91181.9453,19.9816,-0.2063,-1.7094,1011.1765,13,86.9938,NA,NA
Dago,2015-01-04T23:00:00Z,91162.7656,19.9007,1.1839,-1.799,1010.9427,13,86.3127,NA,NA
Dago,2015-01-05T00:00:00Z,91159.2656,19.962,2.0776,-2.1563,1010.8958,13,84.5473,NA,NA
Dago,2015-01-05T01:00:00Z,91145.7891,20.1323,2.7239,-2.8502,1010.7544,13,82.5791,NA,NA
Dago,2015-01-05T02:00:00Z,91163.9766,19.9318,2.7608,-2.48,1010.9442,13,83.8224,NA,NA
Dago,2015-01-05T03:00:00Z,91174.8594,19.9005,2.7036,-2.9293,1011.0587,13,83.7395,NA,NA
Dago,2015-01-05T04:00:00Z,91162.2031,20.0692,3.2292,-3.179,1010.8333,13,81.5136,NA,NA
Dago,2015-01-05T05:00:00Z,91176,20.2411,4.1915,-3.2833,1010.9176,13,80.5897,NA,NA
Dago,2015-01-05T06:00:00Z,91212.4531,19.6343,3.1035,-2.1999,1011.4669,13,85.9093,NA,NA
Dago,2015-01-05T07:00:00Z,91229.0938,21.1143,3.3831,-1.1886,1011.7298,13,79.4648,NA,NA
Dago,2015-01-05T08:00:00Z,91211.3672,21.9662,3.1042,-0.5455,1011.5032,13,77.7306,NA,NA
Dago,2015-01-05T09:00:00Z,91179.9297,23.1946,3.578,-0.7075,1011.1066,13,73.422,NA,NA
Dago,2015-01-05T10:00:00Z,91146.8359,24.17,3.8481,-0.2379,1010.7833,13,68.5117,NA,NA
Dago,2015-01-05T11:00:00Z,91114.7734,25.0966,4.0918,-0.3034,1010.4386,13,64.3511,NA,NA
Dago,2015-01-05T12:00:00Z,91075.9766,25.8651,4.4239,-0.551,1009.9531,13,61.1389,NA,NA
Dago,2015-01-05T13:00:00Z,91047.2734,26.2505,4.6976,-1.9728,1009.4259,13,60.7968,NA,NA
Dago,2015-01-05T14:00:00Z,91052.75,26.2223,4.2898,-1.5582,1009.5121,13,61.5016,NA,NA
Dago,2015-01-05T15:00:00Z,91043.6719,26.2043,4.8508,-1.1238,1009.4797,13,62.2206,NA,NA
Dago,2015-01-05T16:00:00Z,91044.1875,25.7896,5.6666,-0.9591,1009.4598,13,66.3132,NA,NA
Dago,2015-01-05T17:00:00Z,91081.1328,24.4171,5.586,-0.1239,1009.8716,13,70.3337,NA,NA
Dago,2015-01-05T18:00:00Z,91114.875,23.0025,4.4978,-1.1917,1010.3142,13,77.738,NA,NA
Dago,2015-01-05T19:00:00Z,91149.3281,22.423,3.2659,-2.2233,1010.6246,13,77.3394,NA,NA
Dago,2015-01-05T20:00:00Z,91132.2344,22.0892,2.7862,-1.6867,1010.4865,13,76.3425,NA,NA
Dago,2015-01-05T21:00:00Z,91117.5078,21.7379,2.5288,-2.1056,1010.3139,13,76.6439,NA,NA
Dago,2015-01-05T22:00:00Z,91122.0156,21.4041,2.4565,-2.0025,1010.394,13,77.1346,NA,NA
Dago,2015-01-05T23:00:00Z,91126.6328,21.1897,2.5661,-1.6104,1010.4478,13,75.2538,NA,NA
Dago,2015-01-06T00:00:00Z,91105.6641,20.8268,2.4085,-1.402,1010.2728,13,74.5436,NA,NA
Dago,2015-01-06T01:00:00Z,91107.3438,20.8749,2.4283,-2.0506,1010.2424,13,70.0165,NA,NA
Dago,2015-01-06T02:00:00Z,91127.5547,20.6688,2.3039,-2.3924,1010.4562,13,68.006,NA,NA
Dago,2015-01-06T03:00:00Z,91148.8828,20.5015,2.6048,-2.6921,1010.746,13,68.3904,NA,NA
Dago,2015-01-06T04:00:00Z,91162.1953,20.3091,3.1358,-2.5908,1010.8756,13,70.4316,NA,NA
Dago,2015-01-06T05:00:00Z,91179.2031,20.0625,2.9926,-2.2831,1011.1204,13,72.3701,NA,NA
Dago,2015-01-06T06:00:00Z,91181.0703,19.7145,2.5636,-1.9282,1011.0986,13,73.9769,NA,NA
Dago,2015-01-06T07:00:00Z,91188.5234,21.7642,2.6064,-1.4518,1011.2496,13,66.9742,NA,NA
Dago,2015-01-06T08:00:00Z,91182.0625,22.6317,3.6799,-0.9661,1011.1806,13,66.6953,NA,NA
Dago,2015-01-06T09:00:00Z,91158.4922,23.3998,3.7049,-0.7261,1010.8915,13,67.6562,NA,NA
Dago,2015-01-06T10:00:00Z,91124.8203,24.3909,3.7548,0.0067,1010.515,13,65.6081,NA,NA
Dago,2015-01-06T11:00:00Z,91081.8828,25.3099,3.6516,-0.2608,1010.1186,13,63.952,NA,NA
Dago,2015-01-06T12:00:00Z,91058.1094,25.4218,3.8748,-1.2734,1009.7857,13,64.5627,NA,NA
Dago,2015-01-06T13:00:00Z,91031.0859,26.012,4.1666,-1.6404,1009.2645,13,63.5015,NA,NA
Dago,2015-01-06T14:00:00Z,91029.8047,25.4659,4.4931,-1.6283,1009.2529,13,66.2128,NA,NA
Dago,2015-01-06T15:00:00Z,91008.3281,26.0958,4.0388,-1.4934,1009.122,13,64.3056,NA,NA
Dago,2015-01-06T16:00:00Z,91006.7813,25.3778,4.4494,-1.7949,1009.0294,13,71.1364,NA,NA
Dago,2015-01-06T17:00:00Z,91053.1406,24.5727,3.7261,-2.5234,1009.4946,13,75.3514,NA,NA
Dago,2015-01-06T18:00:00Z,91092.3906,23.907,4.2406,-0.8884,1009.9832,13,75.7746,NA,NA
Dago,2015-01-06T19:00:00Z,91096.7813,22.636,4.397,-0.2278,1010.0562,13,82.6886,NA,NA
Dago,2015-01-06T20:00:00Z,91104.6016,21.9115,2.8106,-1.5316,1010.2431,13,84.8334,NA,NA
Dago,2015-01-06T21:00:00Z,91099.5234,21.4451,2.748,-1.3121,1010.2207,13,82.7163,NA,NA
Dago,2015-01-06T22:00:00Z,91112.5859,21.0461,2.4156,-1.5725,1010.3526,13,82.7987,NA,NA
Dago,2015-01-06T23:00:00Z,91096.4141,20.5599,2.2038,-1.7884,1010.2172,13,84.3547,NA,NA
Dago,2015-01-07T00:00:00Z,91068.1484,20.2177,1.7941,-2.064,1009.9778,13,85.3968,NA,NA
Dago,2015-01-07T01:00:00Z,91067.7734,20.1462,2.0459,-2.9209,1009.8814,13,84.0601,NA,NA
Dago,2015-01-07T02:00:00Z,91094.9375,20.2172,3.0553,-2.7537,1010.1454,13,81.7047,NA,NA
ITB,2015-01-04T07:00:00Z,91677.4844,20.0622,0.6673,-0.252,1011.4965,13,NA,96.2482,NA
ITB,2015-01-04T08:00:00Z,91694.4141,20.9961,2.0701,-0.2639,1011.9223,13,NA,91.2158,NA
ITB,2015-01-04T09:00:00Z,91665.9141,21.6451,3.72,-0.6709,1011.7433,13,NA,91.1164,NA
ITB,2015-01-04T10:00:00Z,91653.4453,21.6864,4.1152,-1.1288,1011.5748,13,NA,85.5654,NA
ITB,2015-01-04T11:00:00Z,91573.3906,22.4489,3.9849,-0.4705,1010.5076,13,NA,84.5607,NA
ITB,2015-01-04T12:00:00Z,91521.1953,23.6923,4.3747,-1.2022,1009.8876,13,NA,78.469,NA
ITB,2015-01-04T13:00:00Z,91506.0938,24.3755,5.3826,-0.6367,1009.8001,13,NA,74.6865,NA
ITB,2015-01-04T14:00:00Z,91533.9375,24.3134,5.008,-1.2709,1010.2693,13,NA,76.418,NA
ITB,2015-01-04T15:00:00Z,91530.75,23.9699,5.1645,-0.8363,1010.1846,13,NA,74.8498,NA
ITB,2015-01-04T16:00:00Z,91554.0078,24.697,4.9784,0.167,1010.4324,13,NA,71.2844,NA
ITB,2015-01-04T17:00:00Z,91560.6797,23.8585,5.1083,-0.2748,1010.499,13,NA,73.8304,NA
ITB,2015-01-04T18:00:00Z,91563.4844,22.5434,4.1686,-0.6437,1010.5691,13,NA,80.5561,NA
ITB,2015-01-04T19:00:00Z,91603,21.5898,2.5684,-1.5621,1010.9518,13,NA,82.724,NA
ITB,2015-01-04T20:00:00Z,91585.0469,21.2926,2.7027,-1.8544,1010.808,13,NA,81.5504,NA
ITB,2015-01-04T21:00:00Z,91589.5,20.793,1.5256,-1.2107,1010.8405,13,NA,83.8651,NA
ITB,2015-01-04T22:00:00Z,91607.2188,20.2621,-0.5684,-1.5687,1011.0554,13,NA,86.5822,NA
ITB,2015-01-04T23:00:00Z,91587.4453,20.2909,1.2414,-1.9259,1010.791,13,NA,84.7856,NA
ITB,2015-01-05T00:00:00Z,91581.6563,20.425,2.2744,-2.5573,1010.6904,13,NA,82.5063,NA
ITB,2015-01-05T01:00:00Z,91564.9297,20.547,2.7883,-3.0857,1010.4951,13,NA,80.7381,NA
ITB,2015-01-05T02:00:00Z,91583.4141,20.4525,2.8647,-2.8545,1010.7504,13,NA,81.0594,NA
ITB,2015-01-05T03:00:00Z,91591.1719,20.278,2.524,-2.9999,1010.8436,13,NA,81.4718,NA
ITB,2015-01-05T04:00:00Z,91586.625,20.1732,2.775,-2.5175,1010.6899,13,NA,80.9329,NA
ITB,2015-01-05T05:00:00Z,91598.8359,20.5064,3.6065,-3.4746,1010.8266,13,NA,78.8578,NA
ITB,2015-01-05T06:00:00Z,91636.9063,20.0673,3.1989,-2.6741,1011.3564,13,NA,83.3812,NA
ITB,2015-01-05T07:00:00Z,91653.1719,21.4717,2.9595,-1.7663,1011.6234,13,NA,78.0643,NA
ITB,2015-01-05T08:00:00Z,91637.6484,22.4612,3.4903,-0.8442,1011.4538,13,NA,75.0093,NA
ITB,2015-01-05T09:00:00Z,91606.7578,23.6452,4.1731,-0.3387,1011.1149,13,NA,69.8378,NA
ITB,2015-01-05T10:00:00Z,91573.1406,24.6406,4.2366,-0.1096,1010.6949,13,NA,65.4329,NA
ITB,2015-01-05T11:00:00Z,91539.2422,25.5809,4.3591,0.0313,1010.3267,13,NA,60.8896,NA
ITB,2015-01-05T12:00:00Z,91496.0703,26.3376,4.2386,-0.8712,1009.7286,13,NA,60.8178,NA
ITB,2015-01-05T13:00:00Z,91465.9297,26.7454,4.7011,-1.7863,1009.2433,13,NA,59.7012,NA
ITB,2015-01-05T14:00:00Z,91475.0313,26.7259,4.2386,-1.4412,1009.3855,13,NA,60.0472,NA
ITB,2015-01-05T15:00:00Z,91461.4609,26.6894,5.0232,-1.164,1009.3495,13,NA,61.5409,NA
ITB,2015-01-05T16:00:00Z,91465.7656,26.2496,5.7532,-0.5451,1009.3663,13,NA,64.4489,NA
ITB,2015-01-05T17:00:00Z,91506.8125,24.9196,5.4432,-0.2227,1009.7917,13,NA,68.5003,NA
ITB,2015-01-05T18:00:00Z,91541.6016,23.3636,4.382,-1.5258,1010.2678,13,NA,75.717,NA
ITB,2015-01-05T19:00:00Z,91572.2734,22.7363,3.0566,-1.9448,1010.5062,13,NA,77.1652,NA
ITB,2015-01-05T20:00:00Z,91558.1719,22.3358,2.7475,-1.4756,1010.345,13,NA,76.816,NA
ITB,2015-01-05T21:00:00Z,91543.2266,21.9866,2.2023,-2.1248,1010.1581,13,NA,76.9661,NA
ITB,2015-01-05T22:00:00Z,91544.7656,21.6644,2.369,-2.2829,1010.2414,13,NA,77.3488,NA
ITB,2015-01-05T23:00:00Z,91555.1563,21.3503,2.3356,-1.6069,1010.3585,13,NA,76.6426,NA
ITB,2015-01-06T00:00:00Z,91536.3594,20.8401,2.0786,-1.0717,1010.187,13,NA,77.3029,NA
ITB,2015-01-06T01:00:00Z,91536,20.7128,1.9222,-1.5007,1010.1627,13,NA,73.3946,NA
ITB,2015-01-06T02:00:00Z,91553.7734,20.6003,1.8277,-2.0027,1010.3629,13,NA,70.2988,NA
ITB,2015-01-06T03:00:00Z,91573.8438,20.4304,1.9831,-2.2476,1010.6375,13,NA,70.0916,NA
ITB,2015-01-06T04:00:00Z,91586.8906,20.3693,2.591,-2.3582,1010.7824,13,NA,70.9979,NA
ITB,2015-01-06T05:00:00Z,91608.8594,19.8612,2.2692,-1.6808,1011.0887,13,NA,74.3603,NA
ITB,2015-01-06T06:00:00Z,91608.3359,19.6764,2.2237,-1.7186,1011.075,13,NA,75.0042,NA
ITB,2015-01-06T07:00:00Z,91612.9531,21.9734,2.2678,-1.4246,1011.1276,13,NA,66.4741,NA
ITB,2015-01-06T08:00:00Z,91607.6719,23.0274,3.6862,-1.1688,1011.1021,13,NA,65.2288,NA
ITB,2015-01-06T09:00:00Z,91583.0391,23.8912,3.8821,-0.2652,1010.8102,13,NA,66.777,NA
ITB,2015-01-06T10:00:00Z,91548.875,24.7966,3.8019,-0.0078,1010.4052,13,NA,65.7719,NA
ITB,2015-01-06T11:00:00Z,91506.4531,25.5859,3.8724,-0.23,1009.9857,13,NA,63.9483,NA
ITB,2015-01-06T12:00:00Z,91482.5938,25.6771,3.9694,0.5404,1009.6424,13,NA,63.5415,NA
ITB,2015-01-06T13:00:00Z,91447.9375,26.3758,3.9701,-1.3567,1009.103,13,NA,62.8342,NA
ITB,2015-01-06T14:00:00Z,91442.9063,26.0915,4.3272,-2.1916,1009.0609,13,NA,65.6836,NA
ITB,2015-01-06T15:00:00Z,91423.5391,26.3268,3.99,-1.645,1008.8685,13,NA,66.0382,NA
ITB,2015-01-06T16:00:00Z,91420.4219,25.9268,4.0982,-2.1298,1008.795,13,NA,69.0651,NA
ITB,2015-01-06T17:00:00Z,91468.6719,25.2728,4.248,-1.2078,1009.3468,13,NA,70.7695,NA
ITB,2015-01-06T18:00:00Z,91513.2578,24.1637,5.0359,0.1207,1009.7195,13,NA,75.4194,NA
ITB,2015-01-06T19:00:00Z,91522.5625,22.8995,4.2781,-0.4269,1009.948,13,NA,80.2977,NA
ITB,2015-01-06T20:00:00Z,91532.0234,22.2578,2.7,-1.4642,1010.0911,13,NA,83.7501,NA
ITB,2015-01-06T21:00:00Z,91528.5234,21.7653,2.3123,-1.475,1010.1473,13,NA,83.2955,NA
ITB,2015-01-06T22:00:00Z,91534.5078,21.3783,2.1542,-1.9864,1010.2645,13,NA,82.2047,NA
ITB,2015-01-06T23:00:00Z,91517.3359,20.9486,2.2424,-2.0618,1010.0233,13,NA,83.2232,NA
ITB,2015-01-07T00:00:00Z,91494.0156,20.6038,1.6549,-2.4066,1009.7883,13,NA,83.9821,NA
ITB,2015-01-07T01:00:00Z,91486.3359,20.3927,1.7847,-2.6777,1009.6638,13,NA,83.7025,NA
ITB,2015-01-07T02:00:00Z,91512.5781,20.4544,2.8154,-2.794,1009.9301,13,NA,81.3566,NA
Braga,2015-01-04T07:00:00Z,92080.7188,19.8844,0.6722,-0.2586,1011.6496,13,97.0306,NA,NA
Braga,2015-01-04T08:00:00Z,92096.7578,21.0797,1.9091,-0.7262,1011.8815,13,91.0117,NA,NA
Braga,2015-01-04T09:00:00Z,92063.6563,22.6075,3.8336,-0.7601,1011.6769,13,84.7526,NA,NA
Braga,2015-01-04T10:00:00Z,92049.8906,21.8743,3.9043,-1.924,1011.4531,13,85.907,NA,NA
Braga,2015-01-04T11:00:00Z,91975.1719,22.712,4.6833,-0.9189,1010.4731,13,81.6659,NA,NA
Braga,2015-01-04T12:00:00Z,91910.8828,24.6085,5.0511,-1.058,1009.7861,13,74.6789,NA,NA
Braga,2015-01-04T13:00:00Z,91895.9609,24.699,5.9007,-1.4057,1009.6478,13,73.9449,NA,NA
Braga,2015-01-04T14:00:00Z,91919.7344,25.0373,5.6519,-1.2182,1010.0767,13,71.3564,NA,NA
Braga,2015-01-04T15:00:00Z,91912.5859,25.3011,5.5446,-0.547,1009.9645,13,69.9879,NA,NA
Braga,2015-01-04T16:00:00Z,91946.7578,24.9944,5.0618,-0.6285,1010.2917,13,70.7508,NA,NA
Braga,2015-01-04T17:00:00Z,91949.4141,24.1436,4.5959,-0.6359,1010.3239,13,73.8815,NA,NA
Braga,2015-01-04T18:00:00Z,91960.2813,22.9599,3.9193,-1.3293,1010.4145,13,77.5393,NA,NA
Braga,2015-01-04T19:00:00Z,91994.4844,22.0034,2.2908,-1.7336,1010.8077,13,79.6346,NA,NA
Braga,2015-01-04T20:00:00Z,91983.9063,21.8436,2.3492,-1.923,1010.7111,13,79.9012,NA,NA
Braga,2015-01-04T21:00:00Z,91987.6953,21.1948,1.5554,-1.2488,1010.7435,13,82.9318,NA,NA
Braga,2015-01-04T22:00:00Z,91992.6719,20.756,-0.8439,-1.8877,1010.866,13,84.6235,NA,NA
Braga,2015-01-04T23:00:00Z,91970.0625,20.6383,0.9777,-2.4489,1010.5877,13,83.6666,NA,NA
Braga,2015-01-05T00:00:00Z,91959.9219,20.644,1.7804,-2.6723,1010.4583,13,82.1003,NA,NA
Braga,2015-01-05T01:00:00Z,91951.6406,20.6691,2.1188,-2.9208,1010.3011,13,80.7406,NA,NA
Braga,2015-01-05T02:00:00Z,91973.5156,20.5053,2.0486,-2.6477,1010.554,13,81.0866,NA,NA
Braga,2015-01-05T03:00:00Z,91994.1172,19.8757,1.5934,-1.917,1010.7227,13,84.545,NA,NA
Braga,2015-01-05T04:00:00Z,91983.7031,19.9705,2.2766,-2.0131,1010.6082,13,82.7663,NA,NA
Braga,2015-01-05T05:00:00Z,91995.8281,19.8825,2.3878,-1.9206,1010.8125,13,82.8963,NA,NA
Braga,2015-01-05T06:00:00Z,92041.9219,18.7033,0.9078,0.488,1011.3643,13,91.1016,NA,NA
Braga,2015-01-05T07:00:00Z,92046.7344,21.6783,2.5043,-1.4464,1011.4471,13,77.32,NA,NA
Braga,2015-01-05T08:00:00Z,92029.0859,22.8429,3.8659,-1.5659,1011.2822,13,71.9008,NA,NA
Braga,2015-01-05T09:00:00Z,92001.0234,23.8747,4.2473,-1.3559,1011.0334,13,68.5633,NA,NA
Braga,2015-01-05T10:00:00Z,91967.1719,24.8906,4.0106,-1.1609,1010.5828,13,64.6898,NA,NA
Braga,2015-01-05T11:00:00Z,91932.2031,25.8871,4.1845,-1.2881,1010.1564,13,60.4836,NA,NA
Braga,2015-01-05T12:00:00Z,91888.125,26.6702,4.5928,-1.5333,1009.5541,13,58.2443,NA,NA
Braga,2015-01-05T13:00:00Z,91856.5469,27.1927,4.5414,-2.244,1009.1479,13,58.8086,NA,NA
Braga,2015-01-05T14:00:00Z,91859.1172,27.1911,4.1294,-2.3746,1009.2314,13,59.4109,NA,NA
Braga,2015-01-05T15:00:00Z,91849.7813,27.0854,5.3455,-1.096,1009.2055,13,60.4529,NA,NA
Braga,2015-01-05T16:00:00Z,91851.8906,26.3209,5.4662,-1.2346,1009.1212,13,62.3009,NA,NA
Braga,2015-01-05T17:00:00Z,91903.5156,25.1144,5.1087,-0.7485,1009.7296,13,67.1376,NA,NA
Braga,2015-01-05T18:00:00Z,91937.3594,23.6275,3.5854,-1.4954,1010.0882,13,75.0502,NA,NA
Braga,2015-01-05T19:00:00Z,91970.0703,22.9568,2.4813,-1.7596,1010.3864,13,79.4731,NA,NA
Braga,2015-01-05T20:00:00Z,91954.1328,22.4394,2.3028,-1.437,1010.2247,13,79.6662,NA,NA
Braga,2015-01-05T21:00:00Z,91930.3906,22.0966,1.9126,-2.1911,1010.0043,13,78.6173,NA,NA
Braga,2015-01-05T22:00:00Z,91944.1641,21.6854,1.8008,-1.8788,1010.1446,13,79.4777,NA,NA
Braga,2015-01-05T23:00:00Z,91948.6016,21.3205,1.8501,-1.6732,1010.2273,13,79.7263,NA,NA
Braga,2015-01-06T00:00:00Z,91933.375,20.8611,1.9575,-1.2603,1010.1081,13,80.6639,NA,NA
Braga,2015-01-06T01:00:00Z,91935.3203,20.3994,1.7975,-0.822,1010.1093,13,79.3955,NA,NA
Braga,2015-01-06T02:00:00Z,91950.7344,20.3697,1.547,-1.7342,1010.308,13,74.243,NA,NA
Braga,2015-01-06T03:00:00Z,91968.8203,20.3858,1.6087,-2.2433,1010.4808,13,71.8462,NA,NA
Braga,2015-01-06T04:00:00Z,91984.2891,20.0028,1.954,-1.7615,1010.7031,13,74.3203,NA,NA
Braga,2015-01-06T05:00:00Z,92013.8594,19.2195,0.356,0.1321,1011.0598,13,84.3962,NA,NA
Braga,2015-01-06T06:00:00Z,92007.1797,19.0298,1.3813,-1.5591,1010.9967,13,80.0331,NA,NA
Braga,2015-01-06T07:00:00Z,92009.0234,21.9101,1.7897,-1.1523,1010.9797,13,67.3364,NA,NA
Braga,2015-01-06T08:00:00Z,92001.3281,23.3602,3.2189,-1.5094,1010.9431,13,63.6636,NA,NA
Braga,2015-01-06T09:00:00Z,91981.25,24.1165,4.0767,-0.5205,1010.7661,13,65.9229,NA,NA
Braga,2015-01-06T10:00:00Z,91945.9609,25.0654,4.5585,-0.6671,1010.4249,13,63.5769,NA,NA
Braga,2015-01-06T11:00:00Z,91900.7656,25.9085,4.6065,-0.6969,1009.8706,13,61.1309,NA,NA
Braga,2015-01-06T12:00:00Z,91869.8438,26.4943,3.6802,-2.1692,1009.4702,13,61.8704,NA,NA
Braga,2015-01-06T13:00:00Z,91827.9688,26.9805,4.4796,-1.43,1008.854,13,62.3138,NA,NA
Braga,2015-01-06T14:00:00Z,91830.8281,26.505,3.9096,-2.77,1008.7886,13,65.5439,NA,NA
Braga,2015-01-06T15:00:00Z,91808.1484,26.5638,3.9449,-2.4255,1008.6219,13,67.0059,NA,NA
Braga,2015-01-06T16:00:00Z,91800.9844,26.532,4.2725,-2.4207,1008.6575,13,66.4216,NA,NA
Braga,2015-01-06T17:00:00Z,91852.8125,25.9629,4.9823,-0.6288,1009.1574,13,66.2144,NA,NA
Braga,2015-01-06T18:00:00Z,91904.0391,24.4803,4.9228,-0.2273,1009.6544,13,73.9748,NA,NA
Braga,2015-01-06T19:00:00Z,91918.3828,23.24,4.3145,-0.8081,1009.9125,13,76.245,NA,NA
Braga,2015-01-06T20:00:00Z,91920.8516,22.6464,2.9822,-1.9149,1009.9764,13,79.2346,NA,NA
Braga,2015-01-06T21:00:00Z,91911.0547,22.1241,2.2983,-2.0339,1009.9603,13,82.1421,NA,NA
Braga,2015-01-06T22:00:00Z,91923.9766,21.7441,2.0438,-2.5446,1010.0514,13,81.4223,NA,NA
Braga,2015-01-06T23:00:00Z,91909.8281,21.2888,1.8341,-2.4424,1009.8595,13,82.4539,NA,NA
Braga,2015-01-07T00:00:00Z,91879.4922,20.891,1.2707,-2.9281,1009.5117,13,83.3959,NA,NA
Braga,2015-01-07T01:00:00Z,91873.6016,20.7779,1.7619,-3.1869,1009.4204,13,82.0862,NA,NA
Braga,2015-01-07T02:00:00Z,91899.6797,20.7091,2.5141,-3.0055,1009.7288,13,80.8249,NA,NA
Bubat,2015-01-04T07:00:00Z,92415.7266,19.7933,0.6694,-0.2209,1011.7652,NA,97.6831,NA,13
Bubat,2015-01-04T08:00:00Z,92421.2266,21.507,1.7651,-0.9218,1011.7975,NA,89.8867,NA,13
Bubat,2015-01-04T09:00:00Z,92395.2422,22.8889,3.2259,-0.7627,1011.5862,NA,83.4927,NA,13
Bubat,2015-01-04T10:00:00Z,92373.7813,22.2141,3.5289,-2.2902,1011.2627,NA,86.0802,NA,13
Bubat,2015-01-04T11:00:00Z,92295.0078,23.4567,4.9066,-1.5314,1010.3888,NA,78.5319,NA,13
Bubat,2015-01-04T12:00:00Z,92229,24.8038,4.9634,-1.4472,1009.6783,NA,74.5465,NA,13
Bubat,2015-01-04T13:00:00Z,92216.8125,25.3709,5.4926,-1.5937,1009.5379,NA,72.1251,NA,13
Bubat,2015-01-04T14:00:00Z,92236.5391,25.2836,5.7003,-1.7303,1009.806,NA,71.1121,NA,13
Bubat,2015-01-04T15:00:00Z,92240.5938,25.3803,5.7706,-1.5665,1009.8523,NA,70.6047,NA,13
Bubat,2015-01-04T16:00:00Z,92264.4297,25.379,5.1564,-1.1768,1010.0587,NA,69.5873,NA,13
Bubat,2015-01-04T17:00:00Z,92271.5625,24.7689,4.6068,-0.5704,1010.1987,NA,70.5737,NA,13
Bubat,2015-01-04T18:00:00Z,92277.8047,23.3094,3.9229,-1.4069,1010.252,NA,75.2648,NA,13
Bubat,2015-01-04T19:00:00Z,92312.6094,22.3709,2.2166,-2.0767,1010.6733,NA,77.741,NA,13
Bubat,2015-01-04T20:00:00Z,92305.9297,22.2809,2.4029,-2.2409,1010.5752,NA,78.2006,NA,13
Bubat,2015-01-04T21:00:00Z,92309.9688,21.5428,1.6998,-1.9489,1010.6367,NA,81.693,NA,13
Bubat,2015-01-04T22:00:00Z,92317.4297,21.2591,0.358,-2.6574,1010.6826,NA,82.2719,NA,13
Bubat,2015-01-04T23:00:00Z,92300.2266,21.0145,1.0758,-3.0066,1010.443,NA,82.2712,NA,13
Bubat,2015-01-05T00:00:00Z,92296.9063,20.7871,1.6641,-2.3658,1010.3723,NA,82.3133,NA,13
Bubat,2015-01-05T01:00:00Z,92283.6172,20.5436,1.4169,-2.2371,1010.2482,NA,82.5512,NA,13
Bubat,2015-01-05T02:00:00Z,92303.9922,20.294,1.5535,-1.9153,1010.4769,NA,82.9813,NA,13
Bubat,2015-01-05T03:00:00Z,92322.4219,19.4984,1.1657,-0.6724,1010.7063,NA,88.0884,NA,13
Bubat,2015-01-05T04:00:00Z,92318.75,19.1014,0.3309,0.5633,1010.6141,NA,89.9386,NA,13
Bubat,2015-01-05T05:00:00Z,92337.1406,18.9665,0.894,0.006,1010.8828,NA,89.0172,NA,13
Bubat,2015-01-05T06:00:00Z,92374.5391,18.4527,1.0333,0.6893,1011.3684,NA,92.4961,NA,13
Bubat,2015-01-05T07:00:00Z,92379.7734,20.6472,0.4907,0.0023,1011.4045,NA,83.8253,NA,13
Bubat,2015-01-05T08:00:00Z,92357.5469,23.1557,2.7338,-1.114,1011.1902,NA,70.6182,NA,13
Bubat,2015-01-05T09:00:00Z,92322.8047,24.3124,3.8723,-1.3051,1010.8292,NA,66.0222,NA,13
Bubat,2015-01-05T10:00:00Z,92290.4453,25.2876,3.6185,-1.3435,1010.4407,NA,63.4863,NA,13
Bubat,2015-01-05T11:00:00Z,92248.9688,26.3197,4.0067,-1.796,1009.9272,NA,59.0909,NA,13
Bubat,2015-01-05T12:00:00Z,92206.1094,27.0495,4.1009,-1.9286,1009.377,NA,58.033,NA,13
Bubat,2015-01-05T13:00:00Z,92180.375,27.6043,4.2139,-2.0887,1009.0702,NA,55.8354,NA,13
Bubat,2015-01-05T14:00:00Z,92180.6719,27.471,3.887,-1.8215,1009.0475,NA,57.7533,NA,13
Bubat,2015-01-05T15:00:00Z,92174.9531,26.7443,2.7541,1.1941,1009.103,NA,62.1742,NA,13
Bubat,2015-01-05T16:00:00Z,92173.9219,26.5816,5.3645,-1.2956,1008.9905,NA,61.7352,NA,13
Bubat,2015-01-05T17:00:00Z,92227.0391,25.3322,4.7649,-0.9183,1009.6228,NA,67.4463,NA,13
Bubat,2015-01-05T18:00:00Z,92263.0469,23.7883,3.2362,-1.0585,1009.9062,NA,75.8076,NA,13
Bubat,2015-01-05T19:00:00Z,92299.7422,23.0976,1.7813,-0.6501,1010.3035,NA,79.1998,NA,13
Bubat,2015-01-05T20:00:00Z,92279.4766,22.5377,2.3835,-1.86,1010.0753,NA,80.5299,NA,13
Bubat,2015-01-05T21:00:00Z,92255.7891,22.1325,1.831,-2.1675,1009.8431,NA,80.133,NA,13
Bubat,2015-01-05T22:00:00Z,92278.7109,21.4104,-0.3637,0.6577,1010.1317,NA,87.5183,NA,13
Bubat,2015-01-05T23:00:00Z,92278.6953,21.0294,-0.81,0.6314,1010.1017,NA,89.2833,NA,13
Bubat,2015-01-06T00:00:00Z,92263.7188,20.4409,0.8896,0.5029,1009.993,NA,92.8838,NA,13
Bubat,2015-01-06T01:00:00Z,92268.3203,20.3255,1.7679,-0.7718,1010.0642,NA,83.6877,NA,13
Bubat,2015-01-06T02:00:00Z,92284.8516,20.0604,1.2221,-1.0549,1010.2926,NA,80.7933,NA,13
Bubat,2015-01-06T03:00:00Z,92305.6875,20.0637,0.4719,-0.9356,1010.5846,NA,76.681,NA,13
Bubat,2015-01-06T04:00:00Z,92323.2422,18.9767,-1.1526,0.9607,1010.7493,NA,92.9302,NA,13
Bubat,2015-01-06T05:00:00Z,92344.2656,18.9199,-0.6297,0.7785,1010.9792,NA,92.3552,NA,13
Bubat,2015-01-06T06:00:00Z,92340.4375,19.0629,0.2199,0.2176,1010.9493,NA,87.195,NA,13
Bubat,2015-01-06T07:00:00Z,92340.7969,21.2592,0.7945,-0.637,1010.9708,NA,73.6806,NA,13
Bubat,2015-01-06T08:00:00Z,92329.2813,23.5923,2.1427,-0.9567,1010.8901,NA,62.3074,NA,13
Bubat,2015-01-06T09:00:00Z,92306.8359,24.4768,4.2145,-0.991,1010.6508,NA,63.4981,NA,13
Bubat,2015-01-06T10:00:00Z,92267.5156,25.4477,4.4983,-1.1186,1010.1848,NA,63.5749,NA,13
Bubat,2015-01-06T11:00:00Z,92225.1328,26.2483,4.4402,-1.3589,1009.693,NA,61.3334,NA,13
Bubat,2015-01-06T12:00:00Z,92190.3984,27.0372,4.388,-1.2539,1009.25,NA,58.9171,NA,13
Bubat,2015-01-06T13:00:00Z,92149.875,27.3022,4.2038,-1.1319,1008.7401,NA,61.6144,NA,13
Bubat,2015-01-06T14:00:00Z,92150.6172,26.9678,4.1076,-2.2776,1008.5938,NA,64.8448,NA,13
Bubat,2015-01-06T15:00:00Z,92141.6563,27.1501,3.6043,-2.3503,1008.5614,NA,64.8143,NA,13
Bubat,2015-01-06T16:00:00Z,92132.4141,27.1906,4.4569,-1.7792,1008.5284,NA,62.4931,NA,13
Bubat,2015-01-06T17:00:00Z,92166.5078,26.2142,5.0269,-1.5899,1008.9617,NA,65.3272,NA,13
Bubat,2015-01-06T18:00:00Z,92215.5156,24.8646,4.8332,-0.8901,1009.4408,NA,72.2058,NA,13
Bubat,2015-01-06T19:00:00Z,92239.1406,23.5746,3.8865,-1.294,1009.7531,NA,74.9681,NA,13
Bubat,2015-01-06T20:00:00Z,92246.7344,22.9925,2.6748,-2.1851,1009.8384,NA,77.0608,NA,13
Bubat,2015-01-06T21:00:00Z,92238.1016,22.4702,2.317,-2.3633,1009.8118,NA,79.4644,NA,13
Bubat,2015-01-06T22:00:00Z,92247.4219,22.0298,1.8869,-2.844,1009.8801,NA,80.4751,NA,13
Bubat,2015-01-06T23:00:00Z,92228.25,21.6277,2.3421,-3.1272,1009.6473,NA,80.8727,NA,13
Bubat,2015-01-07T00:00:00Z,92197.3828,21.2161,1.8755,-3.4768,1009.3538,NA,81.9221,NA,13
Bubat,2015-01-07T01:00:00Z,92195.0156,20.9967,1.6815,-3.2741,1009.2581,NA,81.4762,NA,13
Bubat,2015-01-07T02:00:00Z,92233.8438,20.7116,1.7917,-2.235,1009.671,NA,81.565,NA,13
Lanud,2015-01-04T07:00:00Z,93264.9922,19.6203,0.7129,-0.31,1012.1024,NA,99.1221,NA,14
Lanud,2015-01-04T08:00:00Z,93240.0469,22.4879,1.8206,-1.666,1011.5558,NA,90.0624,NA,14
Lanud,2015-01-04T09:00:00Z,93219.1641,23.2523,3.5021,-2.9865,1011.2217,NA,84.9081,NA,14
Lanud,2015-01-04T10:00:00Z,93188.3906,23.2756,4.4794,-3.2486,1011.0336,NA,85.1359,NA,14
Lanud,2015-01-04T11:00:00Z,93105.2656,24.4585,4.8905,-2.6062,1010.0279,NA,78.9751,NA,14
Lanud,2015-01-04T12:00:00Z,93050.3594,25.8526,5.4051,-3.0574,1009.3757,NA,73.3562,NA,14
Lanud,2015-01-04T13:00:00Z,93026.9844,26.3188,6.3289,-2.4884,1009.0806,NA,69.0576,NA,14
Lanud,2015-01-04T14:00:00Z,93055.3281,26.1,6.1988,-3.7521,1009.3737,NA,70.9621,NA,14
Lanud,2015-01-04T15:00:00Z,93060.6484,26.0925,5.8929,-3.1659,1009.4661,NA,70.4986,NA,14
Lanud,2015-01-04T16:00:00Z,93078.8203,25.9232,5.3131,-2.0658,1009.6353,NA,68.7558,NA,14
Lanud,2015-01-04T17:00:00Z,93086.5313,25.6108,4.9822,-1.4974,1009.7428,NA,66.965,NA,14
Lanud,2015-01-04T18:00:00Z,93105.2422,23.6505,3.4804,-3.1933,1009.9058,NA,76.4614,NA,14
Lanud,2015-01-04T19:00:00Z,93130.7813,22.6375,2.87,-2.9928,1010.1859,NA,80.4918,NA,14
Lanud,2015-01-04T20:00:00Z,93138.2188,22.3389,2.0757,-2.3505,1010.2557,NA,80.5229,NA,14
Lanud,2015-01-04T21:00:00Z,93134.7813,21.8682,2.0665,-2.9027,1010.2803,NA,82.7697,NA,14
Lanud,2015-01-04T22:00:00Z,93134.7031,21.629,2.3614,-3.1472,1010.2302,NA,82.2922,NA,14
Lanud,2015-01-04T23:00:00Z,93122,20.9036,1.429,-1.4739,1010.0967,NA,86.2612,NA,14
Lanud,2015-01-05T00:00:00Z,93122.2891,20.3266,0.5512,-1.758,1010.0389,NA,88.6504,NA,14
Lanud,2015-01-05T01:00:00Z,93113,20.3322,1.2473,-2.1566,1009.9135,NA,86.2773,NA,14
Lanud,2015-01-05T02:00:00Z,93142.4141,20.1937,-0.003,-0.2215,1010.2371,NA,86.5654,NA,14
Lanud,2015-01-05T03:00:00Z,93153.3359,19.8872,0.1058,0.4697,1010.3872,NA,87.7669,NA,14
Lanud,2015-01-05T04:00:00Z,93149.0781,19.1516,-0.3856,-1.1325,1010.3464,NA,91.0392,NA,14
Lanud,2015-01-05T05:00:00Z,93168.6328,18.7776,1.4452,-0.9568,1010.5196,NA,92.728,NA,14
Lanud,2015-01-05T06:00:00Z,93203.0859,19.0537,0.3324,0.2533,1011.0556,NA,90.449700000000007,NA,14
Lanud,2015-01-05T07:00:00Z,93209.4609,20.4138,-0.3247,0.5608,1011.1605,NA,87.4914,NA,14
Lanud,2015-01-05T08:00:00Z,93191.4063,22.3419,0.5753,-0.3504,1010.8979,NA,75.6928,NA,14
Lanud,2015-01-05T09:00:00Z,93144.5234,24.2518,1.2882,-0.6228,1010.4467,NA,70.7399,NA,14
Lanud,2015-01-05T10:00:00Z,93104.0469,25.9936,3.743,-3.3079,1009.9628,NA,63.1998,NA,14
Lanud,2015-01-05T11:00:00Z,93060.1406,26.9528,4.3989,-3.8596,1009.4127,NA,59.5122,NA,14
Lanud,2015-01-05T12:00:00Z,93008.1875,27.6777,4.8901,-4.0934,1008.7838,NA,59.1449,NA,14
Lanud,2015-01-05T13:00:00Z,92986.3125,28.099,4.9546,-4.6691,1008.5095,NA,57.8928,NA,14
Lanud,2015-01-05T14:00:00Z,93007.5313,25.4989,-0.1137,3.0202,1008.5896,NA,69.2199,NA,14
Lanud,2015-01-05T15:00:00Z,92981.0938,25.9451,0.5209,-0.0357,1008.5133,NA,65.319,NA,14
Lanud,2015-01-05T16:00:00Z,92980.3984,27.5191,2.5968,2.3493,1008.4911,NA,62.0823,NA,14
Lanud,2015-01-05T17:00:00Z,93034.625,25.9481,1.8184,4.2934,1009.1309,NA,67.0693,NA,14
Lanud,2015-01-05T18:00:00Z,93059.9219,24.3647,1.9983,1.2635,1009.4256,NA,74.4814,NA,14
Lanud,2015-01-05T19:00:00Z,93107.6094,23.4004,2.0829,-3.2875,1009.8452,NA,79.4772,NA,14
Lanud,2015-01-05T20:00:00Z,93096.6172,22.8148,2.224,-3.6967,1009.7128,NA,80.1457,NA,14
Lanud,2015-01-05T21:00:00Z,93070.8906,22.2831,2.4956,-3.1702,1009.5024,NA,82.9487,NA,14
Lanud,2015-01-05T22:00:00Z,93105.3594,21.7348,-2.6375,0.8018,1009.874,NA,91.6764,NA,14
Lanud,2015-01-05T23:00:00Z,93108,21.3479,-0.3554,0.9952,1009.9241,NA,89.8815,NA,14
Lanud,2015-01-06T00:00:00Z,93095.3281,20.6471,2.0861,-1.5727,1009.7407,NA,89.9901,NA,14
Lanud,2015-01-06T01:00:00Z,93104.1563,20.1987,1.4608,-0.8227,1009.8358,NA,90.1833,NA,14
Lanud,2015-01-06T02:00:00Z,93117.7031,20.1087,1.0553,-0.8234,1010.0239,NA,86.8821,NA,14
Lanud,2015-01-06T03:00:00Z,93135.8906,19.9639,1.0403,-0.4827,1010.2559,NA,84.2517,NA,14
Lanud,2015-01-06T04:00:00Z,93157.4531,19.3091,-0.3799,1.5378,1010.5319,NA,92.018,NA,14
Lanud,2015-01-06T05:00:00Z,93178.1875,19.4337,0.1536,1.1581,1010.8042,NA,89.8453,NA,14
Lanud,2015-01-06T06:00:00Z,93173.3984,19.4684,0.266,-0.1611,1010.7966,NA,87.9327,NA,14
Lanud,2015-01-06T07:00:00Z,93174.9219,20.9289,0.1749,-0.746,1010.8066,NA,80.2419,NA,14
Lanud,2015-01-06T08:00:00Z,93161.4844,22.7135,0.5875,-0.9675,1010.6517,NA,71.5639,NA,14
Lanud,2015-01-06T09:00:00Z,93129.6719,24.8929,2.5356,-1.9767,1010.3568,NA,65.0946,NA,14
Lanud,2015-01-06T10:00:00Z,93087.3828,26.1351,4.6226,-2.551,1009.8253,NA,64.3113,NA,14
Lanud,2015-01-06T11:00:00Z,93039.4219,26.9272,4.6133,-3.2624,1009.1845,NA,62.7559,NA,14
Lanud,2015-01-06T12:00:00Z,92997.5703,27.5428,4.7821,-3.9605,1008.7118,NA,61.6128,NA,14
Lanud,2015-01-06T13:00:00Z,92968.0469,25.8487,5.3913,-2.9041,1008.3616,NA,71.6901,NA,14
Lanud,2015-01-06T14:00:00Z,92949.4375,27.7998,4.6949,-4.3374,1008.1661,NA,65.2552,NA,14
Lanud,2015-01-06T15:00:00Z,92951.4453,27.6777,5.3017,-3.9208,1008.1078,NA,64.6267,NA,14
Lanud,2015-01-06T16:00:00Z,92968.9922,25.0107,8.9069,1.0402,1008.3117,NA,77.1881,NA,14
Lanud,2015-01-06T17:00:00Z,92992.1328,26.6096,5.2792,-0.4282,1008.658,NA,67.2217,NA,14
Lanud,2015-01-06T18:00:00Z,93039.5313,24.9792,4.5517,-2.7733,1009.1101,NA,72.2655,NA,14
Lanud,2015-01-06T19:00:00Z,93053.7891,23.6898,3.6747,-2.77,1009.2792,NA,78.1389,NA,14
Lanud,2015-01-06T20:00:00Z,93051.5156,23.063,3.3387,-3.5213,1009.2719,NA,80.8904,NA,14
Lanud,2015-01-06T21:00:00Z,93043.6172,22.5883,2.8313,-3.0625,1009.2547,NA,80.5027,NA,14
Lanud,2015-01-06T22:00:00Z,93059.1328,22.2681,2.4339,-3.6635,1009.4114,NA,79.9729,NA,14
Lanud,2015-01-06T23:00:00Z,93049.8438,21.5349,2.5833,-1.8146,1009.2828,NA,84.4054,NA,14
Lanud,2015-01-07T00:00:00Z,93024.4141,20.9784,2.4137,-1.5323,1008.9638,NA,86.4546,NA,14
Lanud,2015-01-07T01:00:00Z,93025.2344,20.3345,0.6141,-0.8155,1008.9733,NA,89.6766,NA,14
Lanud,2015-01-07T02:00:00Z,93065.2578,19.8873,1.1422,-1.0857,1009.421,NA,90.6389,NA,14
Banjaran,2015-01-04T07:00:00Z,90523.2969,19.9189,0.8131,-0.2754,1011.5645,14,93.7672,NA,NA
Banjaran,2015-01-04T08:00:00Z,90524.9141,21.1701,3.272,-0.8097,1011.9034,14,89.0077,NA,NA
Banjaran,2015-01-04T09:00:00Z,90508.0313,20.7815,3.5393,-1.1821,1011.8687,14,94.3941,NA,NA
Banjaran,2015-01-04T10:00:00Z,90491.3828,21.0906,4.4793,-1.1071,1011.6349,14,87.9725,NA,NA
Banjaran,2015-01-04T11:00:00Z,90401.0156,23.3644,5.5691,-2.1284,1010.6019,14,78.1879,NA,NA
Banjaran,2015-01-04T12:00:00Z,90346.9219,25.1724,5.3388,-1.7708,1009.9241,14,67.1619,NA,NA
Banjaran,2015-01-04T13:00:00Z,90310.0703,25.5941,7.6872,0.2222,1009.5011,14,59.6333,NA,NA
Banjaran,2015-01-04T14:00:00Z,90350.0391,25.0673,7.6415,-0.7351,1009.9885,14,62.4385,NA,NA
Banjaran,2015-01-04T15:00:00Z,90366.9141,24.9289,6.1512,-0.6476,1010.2472,14,65.0759,NA,NA
Banjaran,2015-01-04T16:00:00Z,90382.4375,24.4282,5.9343,-1.9764,1010.2755,14,68.9601,NA,NA
Banjaran,2015-01-04T17:00:00Z,90400.6172,23.6365,4.3646,-1.5925,1010.5298,14,71.6345,NA,NA
Banjaran,2015-01-04T18:00:00Z,90412.9219,22.4059,2.7296,-0.7182,1010.4955,14,72.1573,NA,NA
Banjaran,2015-01-04T19:00:00Z,90443.4844,21.089,1.3073,-1.3495,1010.9147,14,87.5488,NA,NA
Banjaran,2015-01-04T20:00:00Z,90445.875,20.3553,0.1737,-0.9169,1010.9901,14,89.6474,NA,NA
Banjaran,2015-01-04T21:00:00Z,90438.125,19.6867,0.5742,-0.9441,1011.0403,14,91.9133,NA,NA
Banjaran,2015-01-04T22:00:00Z,90441.6563,19.3155,-0.2523,-0.6853,1010.9529,14,93.3242,NA,NA
Banjaran,2015-01-04T23:00:00Z,90430.8438,18.8723,-0.2602,-0.9227,1010.7941,14,94.6361,NA,NA
Banjaran,2015-01-05T00:00:00Z,90415.6094,18.448,-0.6112,-1.2665,1010.6133,14,95.293,NA,NA
Banjaran,2015-01-05T01:00:00Z,90411.5469,18.4554,-1.9353,-0.1451,1010.5564,14,91.2028,NA,NA
Banjaran,2015-01-05T02:00:00Z,90437.1094,18.5308,-1.8695,0.3161,1010.844,14,87.4624,NA,NA
Banjaran,2015-01-05T03:00:00Z,90442.7344,18.5785,-1.818,0.4255,1010.9156,14,84.528,NA,NA
Banjaran,2015-01-05T04:00:00Z,90432.6406,18.5675,-1.5916,0.4744,1010.7646,14,82.5672,NA,NA
Banjaran,2015-01-05T05:00:00Z,90455.1172,17.8469,-1.1289,-0.2988,1011.0931,14,87.5983,NA,NA
Banjaran,2015-01-05T06:00:00Z,90494.1719,17.7203,-1.9963,-0.214,1011.6611,14,85.5051,NA,NA
Banjaran,2015-01-05T07:00:00Z,90497.0469,20.1782,-0.7097,-0.859,1011.6489,14,77.7619,NA,NA
Banjaran,2015-01-05T08:00:00Z,90480.5,21.1157,-0.2414,-1.0053,1011.4964,14,76.1043,NA,NA
Banjaran,2015-01-05T09:00:00Z,90455.5859,22.2729,1.2864,-1.4361,1011.2478,14,69.4391,NA,NA
Banjaran,2015-01-05T10:00:00Z,90419.3281,23.8683,2.3414,-1.4798,1010.8189,14,67.5956,NA,NA
Banjaran,2015-01-05T11:00:00Z,90386.4609,25.015,2.4967,-2.3044,1010.3781,14,60.9907,NA,NA
Banjaran,2015-01-05T12:00:00Z,90348.8594,25.8293,2.3972,-2.6863,1009.8893,14,59.5789,NA,NA
Banjaran,2015-01-05T13:00:00Z,90334.1719,25.5633,1.6505,-3.4655,1009.5465,14,62.5611,NA,NA
Banjaran,2015-01-05T14:00:00Z,90322.2031,25.9242,2.1036,-3.5686,1009.5386,14,62.1872,NA,NA
Banjaran,2015-01-05T15:00:00Z,90310.5703,25.6084,1.3249,-3.6305,1009.351,14,64.961,NA,NA
Banjaran,2015-01-05T16:00:00Z,90316.7266,24.51,0.673,1.6722,1009.3919,14,69.0183,NA,NA
Banjaran,2015-01-05T17:00:00Z,90354.2578,24.6758,1.9806,2.5117,1009.8661,14,66.1944,NA,NA
Banjaran,2015-01-05T18:00:00Z,90359.2969,23.4232,1.7851,-0.8984,1009.9254,14,68.4167,NA,NA
Banjaran,2015-01-05T19:00:00Z,90416.1406,22.8278,-0.7275,0.3154,1010.5746,14,75.5174,NA,NA
Banjaran,2015-01-05T20:00:00Z,90418.3984,21.4871,-2.2505,-0.9507,1010.5471,14,84.0104,NA,NA
Banjaran,2015-01-05T21:00:00Z,90398.3438,21.1831,-2.7805,-0.9109,1010.2976,14,84.8972,NA,NA
Banjaran,2015-01-05T22:00:00Z,90412.5234,20.2566,-0.9518,-0.904,1010.4565,14,95.0334,NA,NA
Banjaran,2015-01-05T23:00:00Z,90418.0859,19.7661,-0.8124,-0.166,1010.5038,14,96.8163,NA,NA
Banjaran,2015-01-06T00:00:00Z,90401.1875,19.2052,-0.2488,-0.8207,1010.4056,14,95.2703,NA,NA
Banjaran,2015-01-06T01:00:00Z,90406.4063,18.6865,-1.2677,-0.1418,1010.502,14,94.3595,NA,NA
Banjaran,2015-01-06T02:00:00Z,90410.0156,18.4652,-1.4982,-0.7603,1010.6501,14,94.586,NA,NA
Banjaran,2015-01-06T03:00:00Z,90427.125,18.5549,-2.0664,-0.6091,1010.9062,14,89.6568,NA,NA
Banjaran,2015-01-06T04:00:00Z,90449.8828,18.5386,-1.9597,0.4595,1011.1546,14,88.2421,NA,NA
Banjaran,2015-01-06T05:00:00Z,90468.5781,18.4423,1.4575,-0.0387,1011.3499,14,81.7555,NA,NA
Banjaran,2015-01-06T06:00:00Z,90459.4531,18.414,0.8914,-0.3073,1011.1855,14,82.4787,NA,NA
Banjaran,2015-01-06T07:00:00Z,90457.7266,19.3666,-0.2797,-1.1481,1011.1642,14,83.5734,NA,NA
Banjaran,2015-01-06T08:00:00Z,90456.0313,20.9274,0.4801,-1.0141,1011.2286,14,75.6428,NA,NA
Banjaran,2015-01-06T09:00:00Z,90444.0234,22.4927,2.0226,-1.3672,1011.1154,14,69.4208,NA,NA
Banjaran,2015-01-06T10:00:00Z,90402.125,24.075,2.444,-0.7776,1010.6222,14,66.2228,NA,NA
Banjaran,2015-01-06T11:00:00Z,90366.2188,24.6918,3.1038,-1.3367,1010.0658,14,66.0889,NA,NA
Banjaran,2015-01-06T12:00:00Z,90325.1719,24.9355,2.1357,0.6645,1009.5515,14,66.9964,NA,NA
Banjaran,2015-01-06T13:00:00Z,90303.0156,24.8877,2.309,-0.653,1009.3096,14,69.6828,NA,NA
Banjaran,2015-01-06T14:00:00Z,90309.5156,23.8172,6.3718,4.4533,1009.3177,14,75.5199,NA,NA
Banjaran,2015-01-06T15:00:00Z,90311.9922,24.5304,2.0122,1.5308,1009.3176,14,71.6207,NA,NA
Banjaran,2015-01-06T16:00:00Z,90316.125,22.1236,2.1631,4.6372,1009.382,14,85.5016,NA,NA
Banjaran,2015-01-06T17:00:00Z,90336.4922,23.4914,0.8971,-1.4125,1009.6263,14,77.565,NA,NA
Banjaran,2015-01-06T18:00:00Z,90363.3516,22.9532,1.8826,1.235,1009.9551,14,77.3701,NA,NA
Banjaran,2015-01-06T19:00:00Z,90381.7031,21.5789,1.1428,-1.0189,1010.1718,14,87.0295,NA,NA
Banjaran,2015-01-06T20:00:00Z,90379.6328,20.9677,-0.6496,-0.6236,1010.1998,14,89.2441,NA,NA
Banjaran,2015-01-06T21:00:00Z,90370.75,20.3386,-0.5585,0.1499,1010.095,14,91.0995,NA,NA
Banjaran,2015-01-06T22:00:00Z,90377.6094,19.6656,-1.1154,-0.097,1010.2201,14,92.7694,NA,NA
Banjaran,2015-01-06T23:00:00Z,90359.1406,19.3225,-0.6499,0.5614,1009.9936,14,92,NA,NA
Banjaran,2015-01-07T00:00:00Z,90326.9609,18.8247,-1.1631,-0.257,1009.5518,14,93.3164,NA,NA
Banjaran,2015-01-07T01:00:00Z,90322.8828,18.4052,-1.6118,-0.6131,1009.4816,14,93.8367,NA,NA
Banjaran,2015-01-07T02:00:00Z,90372.1797,17.9866,-1.3391,-0.0323,1009.9657,14,94.1056,NA,NA
